MEMBER CODE,FAT,SNF,RATE,Qty.,AMOUNT,Shift
0032*  ,6.74,9.62,39.46,1.95,76.95,Morning
0018*  ,4.5,9.05,31.6,2.53,79.95,Morning
0012*  ,3.85,8.79,29.13,4.53,131.96,Morning
0011*  ,7.17,9.73,40.97,2.66,108.98,Morning
0008*  ,9.71,9.5,48.13,1.26,60.64,Morning
0005*  ,3.71,9.1,29.33,6.97,204.43,Morning
0010*  ,6.11,8.66,35.65,2.12,75.58,Morning
0036*  ,4.33,9.16,31.31,2.13,66.69,Morning
0037*  ,4.59,8.88,31.53,1.68,52.97,Morning
0032*  ,6.81,9.56,39.55,1.88,74.35,Morning
0011*  ,7.2,9.46,40.52,2.65,107.38,Morning
0037*  ,4.94,8.4,31.62,1.7,53.75,Morning
0032*  ,6.85,9.46,39.47,1.82,71.84,Morning
0018*  ,3.88,8.91,29.46,2.26,66.58,Morning
0010*  ,5.99,8.79,35.55,2.2,78.21,Morning
0008*  ,9.32,9.65,47.26,1.93,91.21,Morning
0044*  ,10,10,50,2.09,104.5,Morning
0012*  ,4.6,8.86,31.52,4.75,149.72,Morning
0012*  ,4.56,9.18,32.04,3.45,110.54,Morning
0036*  ,4.13,9.24,30.87,3.03,93.54,Morning
0005*  ,3.35,9.1,28.25,7.06,199.44,Morning
0022*  ,5.73,9.14,35.47,1.77,62.78,Morning
0037*  ,4.33,8.07,29.13,2.68,78.07,Morning
0032*  ,6.54,9.25,38.12,2.07,78.91,Morning
0012*  ,4.2,8.87,30.34,4.8,145.63,Morning
0018*  ,3.88,8.92,29.48,2.53,74.58,Morning
0011*  ,8.24,9.81,44.34,2.45,108.63,Morning
0005*  ,4.59,9.47,32.71,4.03,131.82,Morning
0008*  ,9.6,9.74,48.28,1.54,74.35,Morning
0037*  ,4.4,8.38,29.96,2.59,77.6,Morning
0044*  ,10,10,50,1.98,99,Morning
0010*  ,5.99,8.83,35.63,2.07,73.75,Morning
0022*  ,5.66,9.07,35.12,1.42,49.87,Morning
0032*  ,6.56,9.21,38.1,2.25,85.72,Morning
0018*  ,3.59,8.89,28.55,2.25,64.24,Morning
0044*  ,10,10,50,2.13,106.5,Morning
0036*  ,3.87,9.04,29.69,2.34,69.47,Morning
0012*  ,4.01,8.91,29.85,4.81,143.58,Morning
0037*  ,3.9,8.3,28.3,3.11,88.01,Morning
0011*  ,7.36,9.66,41.4,2.47,102.26,Morning
0008*  ,9.32,9.75,47.46,1.62,76.89,Morning
0010*  ,4.84,9.18,32.88,1.66,54.58,Morning
0032*  ,7.79,9.36,42.09,1.22,51.35,Morning
0005*  ,3.21,8.65,26.93,5.53,148.92,Morning
0010*  ,5.6,8.78,34.36,2.02,69.41,Morning
0012*  ,4.56,9.34,32.36,4.22,136.56,Morning
0011*  ,6.66,9.69,39.36,2.53,99.58,Morning
0008*  ,9.58,9.71,48.16,1.66,79.95,Morning
0018*  ,3.87,9.08,29.77,2.28,67.88,Morning
0044*  ,10,10,50,2.27,113.5,Morning
0037*  ,5.05,8.54,32.23,2.72,87.67,Morning
0022*  ,5.92,8.91,35.58,1.79,63.69,Morning
0032*  ,7.38,9.05,40.24,1.45,58.35,Morning
0005*  ,3.35,8.51,27.07,5.34,144.55,Morning
0011*  ,7.61,9.41,41.65,2.56,106.62,Morning
0012*  ,4.23,9.33,31.35,4.21,131.98,Morning
0018*  ,3.94,8.86,29.54,2.56,75.62,Morning
0037*  ,3.9,8.52,28.74,3.35,96.28,Morning
0044*  ,10,10,50,2.48,124,Morning
0010*  ,5.61,8.65,34.13,2.31,78.84,Morning
0008*  ,8.93,9.67,46.13,1.66,76.58,Morning
0022*  ,6.32,9.01,36.98,1.38,51.03,Morning
0036*  ,3.9,9.07,29.84,2.59,77.29,Morning
0032*  ,9.12,9.04,45.44,1.23,55.89,Morning
0005*  ,2.94,8.63,26.08,5.48,142.92,Morning
0036*  ,4.98,9.03,33,2.3,75.9,Morning
0012*  ,3.97,9.06,30.03,5.26,157.96,Morning
0037*  ,3.78,8.33,28,3.08,86.24,Morning
0008*  ,9.4,9.85,47.9,1.51,72.33,Morning
0010*  ,5.77,8.7,34.71,2.25,78.1,Morning
0018*  ,3.82,9.06,29.58,2.54,75.13,Morning
0032*  ,9,9.2,45.4,1.14,51.76,Morning
0011*  ,7.85,9.65,42.85,2.52,107.98,Morning
0032*  ,7.16,9.1,39.68,1.67,66.27,Morning
0005*  ,2.63,8.91,25.71,6.63,170.46,Morning
0010*  ,5.24,8.55,32.82,2.13,69.91,Morning
0036*  ,4.97,9.25,33.41,2.68,89.54,Morning
0044*  ,10,10,50,2.83,141.5,Morning
0022*  ,5.52,9.18,34.92,1.84,64.25,Morning
0012*  ,4.13,9.25,30.89,4.26,131.59,Morning
0012*  ,3.91,8.88,29.49,3.14,92.6,Morning
0008*  ,8.38,9.79,44.72,2.87,128.35,Morning
0018*  ,3.99,9.11,30.19,2.22,67.02,Morning
0001*  ,8.5,9.51,44.52,1.86,82.81,Morning
0001*  ,7.72,9.85,42.86,3.48,149.15,Morning
0032*  ,7.06,9.38,39.94,1.71,68.3,Morning
0033*  ,4.15,8.82,30.09,2.31,69.51,Morning
0005*  ,4.45,8.89,31.13,5.52,171.84,Morning
0037*  ,3.87,7.99,27.59,2.08,57.39,Morning
0018*  ,3.43,8.93,28.15,1.74,48.98,Morning
0011*  ,7.84,9.51,42.54,2.1,89.33,Morning
0001*  ,6.65,10,39.95,3.27,130.64,Morning
0010*  ,5.68,8.97,34.98,1.69,59.12,Morning
0012*  ,4.48,9.22,31.88,4.63,147.6,Morning
0008*  ,9.27,9.73,47.27,1.48,69.96,Morning
0036*  ,5.31,9.44,34.81,2.33,81.11,Morning
0022*  ,4.81,9.06,32.55,1.83,59.57,Morning
0032*  ,6.91,9.45,39.63,1.93,76.49,Morning
0033*  ,4.55,8.74,31.13,1.99,61.95,Morning
0001*  ,7.42,9.62,41.5,3.61,149.82,Morning
0018*  ,4,8.94,29.88,1.77,52.89,Morning
0005*  ,3.97,8.98,29.87,5.65,168.77,Morning
0012*  ,4.06,8.84,29.86,4.02,120.04,Morning
0008*  ,9.56,9.72,48.12,1.55,74.59,Morning
0010*  ,5.36,8.6,33.28,2.13,70.89,Morning
0037*  ,3.78,8.05,27.44,3,82.32,Morning
0005*  ,3.66,8.4,27.78,4.95,137.51,Morning
0011*  ,8.12,9.4,43.16,2.54,109.63,Morning
0010*  ,5.53,8.67,33.93,1.91,64.81,Morning
0008*  ,9.76,9.67,48.62,1.43,69.53,Morning
0018*  ,4.25,9.13,31.01,2.03,62.95,Morning
0037*  ,3.77,8.01,27.33,2.78,75.98,Morning
0033*  ,3.95,8.72,29.29,1.78,52.14,Morning
0001*  ,8.42,9.58,44.42,3.58,159.02,Morning
0012*  ,4.45,9.03,31.41,3.85,120.93,Morning
0032*  ,5.65,9.58,36.11,2.5,90.28,Morning
0033*  ,4.45,8.75,30.85,1.98,61.08,Morning
0018*  ,3.74,9.05,29.32,2.51,73.59,Morning
0012*  ,4.36,9.14,31.36,3.9,122.3,Morning
0008*  ,9.74,9.66,48.54,1.57,76.21,Morning
0010*  ,6.53,8.76,37.11,2.11,78.3,Morning
0001*  ,7.71,9.72,42.57,2.02,85.99,Morning
0044*  ,9.57,9.76,48.23,2.08,100.32,Morning
0011*  ,7.93,9.34,42.47,2.61,110.85,Morning
0022*  ,6.14,8.66,35.74,1.78,63.62,Morning
0037*  ,3.41,8.16,26.55,1.96,52.04,Morning
0032*  ,8.7,9.31,44.72,2.13,95.25,Morning
0037*  ,3.9,8.1,27.9,2.52,70.31,Morning
0033*  ,4.14,8.61,29.64,1.67,49.5,Morning
0005*  ,3.36,8.77,27.62,4.61,127.33,Morning
0009*  ,3.81,9.12,29.67,3.81,113.04,Morning
0012*  ,3.81,9.12,29.67,3.81,113.04,Morning
0008*  ,9.18,9.73,47,1.84,86.48,Morning
0001*  ,8,9.68,43.36,2.27,98.43,Morning
0010*  ,6.45,9,37.35,1.97,73.58,Morning
0018*  ,4.19,9.17,30.91,2.5,77.28,Morning
0038*  ,3.91,9.24,30.21,1.79,54.08,Morning
0011*  ,7.82,9.44,42.34,2.71,114.74,Morning
0037*  ,3.75,8.23,27.71,2.96,82.02,Morning
0032*  ,7.44,9.53,41.38,1.72,71.17,Morning
0008*  ,8.78,9.72,45.78,2.97,135.97,Morning
0033*  ,4.57,8.77,31.25,3.16,98.75,Morning
0012*  ,4.28,9.26,31.36,4.54,142.37,Morning
0012*  ,4.12,8.71,29.78,2.79,83.09,Morning
0018*  ,3.67,8.98,28.97,2.53,73.29,Morning
0005*  ,3.51,8.64,27.81,6.22,172.98,Morning
0038*  ,4.83,9.41,33.31,2.62,87.27,Morning
0011*  ,7.34,9.85,41.72,2.34,97.62,Morning
0010*  ,5.87,9,35.61,2.08,74.07,Morning
0022*  ,5.87,9,35.61,1.66,59.11,Morning
0037*  ,3.84,8.09,27.7,2.4,66.48,Morning
0032*  ,6.72,9.45,39.06,1.73,67.57,Morning
0033*  ,4.21,8.69,30.01,2.11,63.32,Morning
0419   ,0,0,0,0,0,Morning
0029*  ,4.19,8.91,30.39,2.17,65.95,Morning
0005*  ,3.76,8.73,28.74,4.5,129.33,Morning
0018*  ,3.84,9.07,29.66,2.53,75.04,Morning
0012*  ,4.5,9.3,32.1,4.58,147.02,Morning
0008*  ,9.64,9.72,48.36,1.68,81.24,Morning
0032*  ,6.91,9.39,39.51,2.6,102.73,Morning
0033*  ,4.43,8.75,30.79,1.6,49.26,Morning
0029*  ,4.29,8.85,30.57,2.29,70.01,Morning
0011*  ,7.67,9.64,42.29,2.78,117.57,Morning
0038*  ,4.57,9.12,31.95,1.82,58.15,Morning
0010*  ,5.85,8.85,35.25,2.08,73.32,Morning
0018*  ,4.14,9.15,30.72,1.53,47,Morning
0012*  ,4.14,9.22,30.86,5.32,164.18,Morning
0034*  ,9.21,9.47,46.57,2.79,129.93,Morning
0033*  ,4.24,8.69,30.1,1.8,54.18,Morning
0029*  ,4.2,8.84,30.28,2.13,64.5,Morning
0011*  ,7.86,9.61,42.8,2.82,120.7,Morning
0032*  ,7.11,9.54,40.41,1.83,73.95,Morning
0010*  ,5.31,8.73,33.39,2.1,70.12,Morning
0012*  ,4.52,9.18,31.92,5.03,160.56,Morning
0018*  ,3.82,9,29.46,1.78,52.44,Morning
0008*  ,9.55,9.73,48.11,1.51,72.65,Morning
0034*  ,8.43,9.69,44.67,2.72,121.5,Morning
0032*  ,6.63,9.54,38.97,2.4,93.53,Morning
0011*  ,8.08,9.82,43.88,2.18,95.66,Morning
0029*  ,4.42,9.02,31.3,2.13,66.67,Morning
0033*  ,4.13,8.73,29.85,2.32,69.25,Morning
0008*  ,9.7,9.7,48.5,1.36,65.96,Morning
0012*  ,4.17,9.41,31.33,4.36,136.6,Morning
0010*  ,5.69,8.98,35.03,2.1,73.56,Morning
0037*  ,3.25,8.36,26.47,1.76,46.59,Morning
0018*  ,4.5,9.18,31.86,1.76,56.07,Morning
0034*  ,3.9,8.98,29.66,2.47,73.26,Morning
0034*  ,8.6,9.71,45.22,2.71,122.55,Morning
0032*  ,6.35,9.51,38.07,2.06,78.42,Morning
0029*  ,4.54,8.92,31.46,2.23,70.16,Morning
0018*  ,4.16,8.98,30.44,2.02,61.49,Morning
0033*  ,4.11,8.75,29.83,2.45,73.08,Morning
0010*  ,5.77,8.7,34.71,2.18,75.67,Morning
0008*  ,9.55,9.7,48.05,1.38,66.31,Morning
0012*  ,4.06,9.29,30.76,4.78,147.03,Morning
0034*  ,8.46,9.8,44.98,3.02,135.84,Morning
0011*  ,9.32,9.11,46.18,1.9,87.74,Morning
0032*  ,7.32,9.74,41.44,1.8,74.59,Morning
0033*  ,4.17,8.54,29.59,3.23,95.58,Morning
0032*  ,7.43,9.61,41.51,1.55,64.34,Morning
0034*  ,8.59,10,45.77,2.69,123.12,Morning
0034*  ,4.46,9.14,31.66,2.54,80.42,Morning
0029*  ,4.26,8.93,30.64,2.2,67.41,Morning
0011*  ,8.31,9.24,43.41,2.02,87.69,Morning
0010*  ,6.28,8.9,36.64,2.02,74.01,Morning
0038*  ,3.89,9.29,30.25,2.61,78.95,Morning
0008*  ,9.56,9.75,48.18,2.56,123.34,Morning
0012*  ,4.53,9.26,32.11,4.9,157.34,Morning
0012*  ,3.86,8.98,29.54,2.69,79.46,Morning
0018*  ,4.29,8.91,30.69,2.52,77.34,Morning
0032*  ,7.22,9.43,40.52,1.52,61.59,Morning
0034*  ,8.67,9.88,45.77,2.67,122.21,Morning
0029*  ,4.48,8.85,31.14,2.28,71,Morning
0010*  ,5.47,8.65,33.71,2.08,70.12,Morning
0033*  ,4.1,8.75,29.8,2.64,78.67,Morning
0012*  ,4.32,9.23,31.42,4.53,142.33,Morning
0008*  ,9.71,9.64,48.41,1.46,70.68,Morning
0018*  ,4.09,8.97,30.21,1.53,46.22,Morning
0034*  ,8.33,9.92,44.83,3.3,147.94,Morning
0032*  ,8.46,9.8,44.98,1.24,55.78,Morning
0011*  ,7.84,9.45,42.42,2.27,96.29,Morning
0036*  ,5.96,9.15,36.18,2.22,80.32,Morning
0029*  ,4.64,9.07,32.06,2.3,73.74,Morning
0033*  ,3.98,8.67,29.28,2.1,61.49,Morning
0012*  ,4.47,9.33,32.07,4.25,136.3,Morning
0018*  ,4.12,9.03,30.42,2.03,61.75,Morning
0010*  ,5.65,8.91,34.77,1.46,50.76,Morning
0008*  ,9.67,9.68,48.37,1.17,56.59,Morning
0034*  ,8.46,9.83,45.04,3.07,138.27,Morning
0032*  ,7.99,9.58,43.13,1.46,62.97,Morning
0029*  ,4.57,8.85,31.41,2.18,68.47,Morning
0033*  ,4.19,8.65,29.87,2.18,65.12,Morning
0010*  ,5.4,8.7,33.6,2.02,67.87,Morning
0018*  ,4.41,9.05,31.33,2.02,63.29,Morning
0008*  ,9.89,9.76,49.19,1.2,59.03,Morning
0011*  ,7.84,9.25,38.66,2.17,83.89,Morning
0032*  ,7.1,9.6,37.26,1.91,71.17,Morning
0033*  ,4.37,8.55,27.79,2.13,59.19,Morning
0029*  ,4.32,8.75,28.02,2.14,59.96,Morning
0012*  ,4.29,9.25,28.86,3.12,90.04,Morning
0032*  ,6.76,9.41,35.97,2.06,74.1,Morning
0029*  ,4.53,8.75,28.6,1.99,56.91,Morning
0011*  ,8.29,9.43,40.23,2.34,94.14,Morning
0033*  ,4.47,8.7,28.35,2.16,61.24,Morning
0010*  ,5.81,8.85,32.32,2.06,66.58,Morning
0008*  ,9.72,9.58,44.45,1.49,66.23,Morning
0032*  ,6.76,9.6,36.32,2,72.64,Morning
0032*  ,6.17,9.43,34.38,1.99,68.42,Morning
0017*  ,6.13,8.6,32.74,1.48,48.46,Morning
0011*  ,7.85,9.54,39.22,2.41,94.52,Morning
0029*  ,4.71,9.06,29.67,2.07,61.42,Morning
0033*  ,4.26,8.52,27.43,3.8,104.23,Morning
0018*  ,4.28,8.83,28.06,1.74,48.82,Morning
0012*  ,4.84,9.35,30.56,3,91.68,Morning
0022*  ,5.23,9.18,31.33,2.03,63.6,Morning
0008*  ,9.83,9.59,44.78,1.65,73.89,Morning
0006*  ,4.2,9.23,31.06,2.49,77.34,Evening
0002*  ,7.82,9.61,42.68,1.04,44.39,Evening
0012*  ,4.73,9.13,32.45,4.88,158.36,Evening
0018*  ,4.35,8.88,30.81,1.56,48.06,Evening
0039*  ,8.47,10,45.41,1.87,84.92,Evening
0011*  ,10,10,50,1.98,99,Evening
0011*  ,8.87,9.48,45.57,2.1,95.7,Evening
0014*  ,6.96,9.07,39.02,1.79,69.85,Evening
0005*  ,4.83,8.92,32.33,2.72,87.94,Evening
0007*  ,4.71,8.91,31.95,3.63,115.98,Evening
0043*  ,4.71,8.91,31.95,1.78,56.87,Evening
0008*  ,10,10,50,1.4,70,Evening
0006*  ,3.68,9.22,29.48,3.07,90.5,Evening
0011*  ,10,9.41,48.82,2.12,103.5,Evening
0011*  ,8.25,9.42,43.59,2.2,95.9,Evening
0039*  ,7.54,9.56,41.74,1.54,64.28,Evening
0006*  ,3.93,9.33,30.45,3.26,99.27,Evening
0018*  ,4.6,8.72,31.24,1.02,31.86,Evening
0036*  ,5.41,9.19,34.61,2.68,92.75,Evening
0002*  ,8.13,9.77,43.93,2.09,91.81,Evening
0012*  ,4.68,9.13,32.3,6.36,205.43,Evening
0039*  ,6.89,9.66,39.99,1.72,68.78,Evening
0011*  ,8.92,9.48,45.72,2.13,97.38,Evening
0005*  ,3.41,9.05,28.33,5.91,167.43,Evening
0008*  ,9.98,9.29,48.52,1.61,78.12,Evening
0007*  ,5.06,9.01,33.2,3.35,111.22,Evening
0002*  ,7.89,9.54,42.75,2.09,89.35,Evening
0006*  ,4.1,9.27,30.84,3.12,96.22,Evening
0036*  ,5.24,9.19,34.1,4.02,137.08,Evening
0039*  ,6.56,9.61,38.9,2.13,82.86,Evening
0012*  ,4.46,9.08,31.54,6.33,199.65,Evening
0008*  ,10,9.4,48.8,1.58,77.1,Evening
0011*  ,10,10,50,3.41,170.5,Evening
0005*  ,4.86,9.21,33,4.02,132.66,Evening
0043*  ,5.59,8.99,34.75,1.62,56.3,Evening
0007*  ,4.94,9.14,33.1,3.32,109.89,Evening
0007*  ,5.65,9.51,35.97,2.37,85.25,Evening
0006*  ,3.85,9.1,29.75,3.17,94.31,Evening
0036*  ,5.21,8.92,33.47,4.25,142.25,Evening
0002*  ,7.63,9.9,42.69,2.55,108.86,Evening
0012*  ,4.61,9.22,32.27,6.15,198.46,Evening
0005*  ,3.6,8.62,28.04,5.96,167.12,Evening
0007*  ,4.97,8.87,32.65,3.56,116.23,Evening
0011*  ,8.34,9.6,44.22,2.03,89.77,Evening
0008*  ,10,9.65,49.3,1.5,73.95,Evening
0039*  ,6.61,9.68,39.19,2.28,89.35,Evening
0006*  ,3.8,9.25,29.9,3.19,95.38,Evening
0012*  ,4.49,9.11,31.69,5.83,184.75,Evening
0002*  ,7.81,9.68,42.79,2.09,89.43,Evening
0039*  ,7.08,9.86,40.96,1.78,72.91,Evening
0005*  ,5.38,9.16,34.46,4.18,144.04,Evening
0011*  ,10,10,50,2.46,123,Evening
0011*  ,8.04,9.44,43,1.99,85.57,Evening
0007*  ,6.43,9.03,37.35,2.4,89.64,Evening
0007*  ,5.12,8.9,33.16,3.36,111.42,Evening
0043*  ,6.16,8.6,35.68,1.49,53.16,Evening
0008*  ,9.83,9.32,48.13,1.65,79.41,Evening
0006*  ,4.07,9.19,30.59,2.39,73.11,Evening
0002*  ,8.04,9.65,43.42,2.3,99.87,Evening
0036*  ,5.54,8.95,34.52,4.27,147.4,Evening
0005*  ,3.44,8.74,27.8,4.44,123.43,Evening
0012*  ,4.47,9.21,31.83,6.42,204.35,Evening
0011*  ,8.23,9.35,43.39,1.77,76.8,Evening
0039*  ,6.08,9.79,37.82,2.44,92.28,Evening
0007*  ,5.62,9.15,35.16,2.43,85.44,Evening
0007*  ,4.68,8.95,31.94,3.51,112.11,Evening
0008*  ,10,9.69,49.38,1.62,80,Evening
0037*  ,3.41,8.03,26.29,1.85,48.64,Evening
0006*  ,4.07,9.11,30.43,2.74,83.38,Evening
0012*  ,4.59,9,31.77,4.76,151.23,Evening
0036*  ,5.72,9.22,35.6,2.41,85.8,Evening
0014*  ,7.1,9.38,40.06,2.05,82.12,Evening
0007*  ,5.53,9.25,35.09,2.57,90.18,Evening
0007*  ,4.76,8.95,32.18,3.82,122.93,Evening
0005*  ,9.6,9.08,46.96,2.06,96.74,Evening
0005*  ,4.31,8.84,30.61,4.5,137.74,Evening
0039*  ,7.05,9.76,40.67,1.9,77.27,Evening
0022*  ,5.24,8.85,33.42,1.83,61.16,Evening
0043*  ,5.39,8.95,34.07,1.77,60.3,Evening
0008*  ,10,9.8,49.6,1.6,79.36,Evening
0006*  ,4.03,9.15,30.39,2.86,86.92,Evening
0037*  ,3.46,8.06,26.5,2.6,68.9,Evening
0011*  ,9,8.9,44.8,1.95,87.36,Evening
0039*  ,6.66,9.71,39.4,2.01,79.19,Evening
0043*  ,5.57,8.87,34.45,2.01,69.24,Evening
0006*  ,3.82,9.33,30.12,3.36,101.2,Evening
0014*  ,7.37,9.14,40.39,3.29,132.88,Evening
0012*  ,4.63,9.18,32.25,5.33,171.89,Evening
0036*  ,5.54,9.09,34.8,2.91,101.27,Evening
0022*  ,6.1,8.86,36.02,1.58,56.91,Evening
0039*  ,6.72,9.57,39.3,2.03,79.78,Evening
0007*  ,5.72,9.19,35.54,2.37,84.23,Evening
0007*  ,4.76,8.71,31.7,3.25,103.03,Evening
0011*  ,9.27,9.35,46.51,1.95,90.69,Evening
0037*  ,4.81,7.9,30.23,1.26,38.09,Evening
0018*  ,4.1,9.54,31.38,2.76,86.61,Evening
0038*  ,4.1,9.54,31.38,2.76,86.61,Evening
0018*  ,4.45,8.79,30.93,1.53,47.32,Evening
0001*  ,8.5,9.51,44.52,3.26,145.14,Evening
0005*  ,3.92,8.92,29.6,4.74,140.3,Evening
0006*  ,3.97,9.41,30.73,3.51,107.86,Evening
0012*  ,4.21,8.91,30.45,5.58,169.91,Evening
0038*  ,4.16,9.35,31.18,2.55,79.51,Evening
0036*  ,5.79,9.08,35.53,2.89,102.68,Evening
0022*  ,5.31,8.8,33.53,1.61,53.98,Evening
0039*  ,7.17,9.85,41.21,1.9,78.3,Evening
0005*  ,3.29,8.88,27.63,4.13,114.11,Evening
0001*  ,6.23,9.63,37.95,2.17,82.35,Evening
0011*  ,8.38,9.36,43.86,2.07,90.79,Evening
0008*  ,9.82,9.52,48.5,1.51,73.24,Evening
0007*  ,5.1,8.89,33.08,3.08,101.89,Evening
0007*  ,5.52,9.35,35.26,2.4,84.62,Evening
0043*  ,5.46,8.99,34.36,1.68,57.72,Evening
0033*  ,4.88,8.52,31.68,2.19,69.38,Evening
0006*  ,3.97,9.32,30.55,3.22,98.37,Evening
0036*  ,4.86,8.89,32.36,3.77,122,Evening
0038*  ,4.44,9.47,32.26,2.26,72.91,Evening
0012*  ,4.79,9.1,32.57,5.38,175.23,Evening
0022*  ,5.32,9.02,34,1.9,64.6,Evening
0039*  ,7.5,9.48,41.46,1.57,65.09,Evening
0043*  ,6.08,8.77,35.78,1.8,64.4,Evening
0007*  ,4.8,8.98,32.36,3.2,103.55,Evening
0011*  ,8.81,9.23,44.89,1.92,86.19,Evening
0033*  ,4.91,8.59,31.91,2.1,67.01,Evening
0001*  ,6.24,9.63,37.98,2.09,79.38,Evening
0005*  ,3.46,8.94,28.26,4.11,116.15,Evening
0008*  ,9.63,9.47,47.83,1.52,72.7,Evening
0012*  ,4.47,8.77,30.95,5.2,160.94,Evening
0006*  ,4.01,9.24,30.51,3.33,101.6,Evening
0022*  ,5.63,9.05,34.99,2.19,76.63,Evening
0036*  ,5.63,9.13,35.15,4.14,145.52,Evening
0011*  ,8,9.28,42.56,2.07,88.1,Evening
0039*  ,7.53,9.52,41.63,2.05,85.34,Evening
0001*  ,6.5,9.94,39.38,2.35,92.54,Evening
0038*  ,4.64,9.3,32.52,2.81,91.38,Evening
0008*  ,9.84,9.45,48.42,1.48,71.66,Evening
0005*  ,3.77,8.81,28.93,4.81,139.15,Evening
0007*  ,5.64,9.58,36.08,2.11,76.13,Evening
0007*  ,4.84,9.03,32.58,3.11,101.32,Evening
0033*  ,4.83,8.59,31.67,1.46,46.24,Evening
0006*  ,3.99,9.2,30.37,3.26,99.01,Evening
0022*  ,5.38,9.12,34.38,1.39,47.79,Evening
0012*  ,4.64,9.01,31.94,5.25,167.68,Evening
0038*  ,4.25,9.3,31.35,3.03,94.99,Evening
0036*  ,5.35,9.15,34.35,4.45,152.86,Evening
0001*  ,7.89,9.62,42.91,1.72,73.81,Evening
0001*  ,6.42,9.73,38.72,2.15,83.25,Evening
0039*  ,7.78,9.6,42.54,1.76,74.87,Evening
0005*  ,4.63,8.57,31.03,5.05,156.7,Evening
0011*  ,8.12,9.44,43.24,2.11,91.24,Evening
0008*  ,10,9.8,49.6,1.35,66.96,Evening
0033*  ,5.14,8.75,32.92,1.73,56.95,Evening
0007*  ,5.58,9.53,35.8,2.48,88.78,Evening
0007*  ,4.74,9.08,32.38,3.31,107.18,Evening
0043*  ,5.79,8.73,34.83,1.53,53.29,Evening
0006*  ,3.89,9.16,29.99,2.89,86.67,Evening
0005*  ,3.67,8.8,28.61,3.14,89.84,Evening
0022*  ,5.9,8.91,35.52,2.3,81.7,Evening
0036*  ,4.87,9.07,32.75,3.68,120.52,Evening
0038*  ,4.2,9.39,31.38,2.59,81.27,Evening
0012*  ,4.43,9.11,31.51,4.5,141.79,Evening
0039*  ,7.62,9.56,41.98,1.9,79.76,Evening
0033*  ,4.7,8.7,31.5,1.76,55.44,Evening
0011*  ,7.56,9.59,41.86,2.07,86.65,Evening
0008*  ,10,9.62,49.24,1.45,71.4,Evening
0037*  ,4.63,8.1,30.09,1.71,51.45,Evening
0007*  ,5.5,9.58,35.66,2.23,79.52,Evening
0007*  ,4.82,9.09,32.64,3.19,104.12,Evening
0006*  ,3.81,8.64,28.71,2.9,83.26,Evening
0032*  ,7.18,9.27,40.08,1.71,68.54,Evening
0043*  ,5.5,9.01,34.52,2.34,80.78,Evening
0011*  ,8.58,9.46,44.66,2.1,93.79,Evening
0037*  ,5.42,7.98,32.22,2.57,82.81,Evening
0039*  ,7.42,9.83,41.92,1.76,73.78,Evening
0006*  ,4.05,9.23,30.61,3.09,94.58,Evening
0012*  ,4.58,9.11,31.96,6.11,195.28,Evening
0038*  ,4.49,9.02,31.51,2.45,77.2,Evening
0002*  ,8.61,9.74,45.31,1.14,51.65,Evening
0001*  ,6.8,9.83,40.06,2.83,113.37,Evening
0036*  ,6.85,8.95,38.45,2.41,92.66,Evening
0022*  ,5.25,9.33,34.41,1.8,61.94,Evening
0011*  ,8.13,9.51,43.41,2.08,90.29,Evening
0005*  ,4.08,8.78,29.8,3.93,117.11,Evening
0007*  ,4.95,9.11,33.07,3.08,101.86,Evening
0033*  ,5.2,8.78,33.16,1.71,56.7,Evening
0039*  ,6.9,9.84,40.38,1.92,77.53,Evening
0006*  ,4.15,9.24,30.93,3.03,93.72,Evening
0022*  ,5.38,9.07,34.28,2.34,80.22,Evening
0002*  ,8,9.74,43.48,1.08,46.96,Evening
0001*  ,5.88,9.98,37.6,2.2,82.72,Evening
0012*  ,4.57,9.31,32.33,3.06,98.93,Evening
0012*  ,3.99,8.79,29.55,4.03,119.09,Evening
0036*  ,5.64,9.26,35.44,2.33,82.58,Evening
0038*  ,4.55,9.08,31.81,2.51,79.84,Evening
0033*  ,4.33,8.73,30.45,1.66,50.55,Evening
0039*  ,6.68,9.88,39.8,1.93,76.81,Evening
0011*  ,8.54,9.48,44.58,2.1,93.62,Evening
0005*  ,3.66,8.84,28.66,3.97,113.78,Evening
0008*  ,10,9.42,48.84,1.54,75.21,Evening
0037*  ,4.47,8.01,29.43,2.6,76.52,Evening
0006*  ,3.95,9.24,30.33,3.18,96.45,Evening
0022*  ,4.96,9.12,33.12,1.66,54.98,Evening
0007*  ,6.26,9.5,37.78,2.14,80.85,Evening
0007*  ,5.24,9.15,34.02,3.26,110.91,Evening
0038*  ,4.5,9.19,31.88,2.3,73.32,Evening
0034*  ,5.15,8.98,33.41,2.24,74.84,Evening
0034*  ,8.38,9.82,44.78,1.7,76.13,Evening
0001*  ,6.84,9.82,40.16,3.04,122.09,Evening
0039*  ,6.66,9.71,39.4,2.14,84.32,Evening
0012*  ,4.92,9.19,33.14,5.83,193.21,Evening
0002*  ,8.71,9.64,45.41,0.86,39.05,Evening
0011*  ,8.62,9.53,44.92,2.17,97.48,Evening
0043*  ,5.55,8.87,34.39,2.51,86.32,Evening
0033*  ,4.44,8.68,30.68,1.63,50.01,Evening
0008*  ,9.88,9.46,48.56,1.44,69.93,Evening
0008*  ,9.88,9.48,48.6,1.5,72.9,Evening
0006*  ,3.95,9.26,30.37,3.05,92.63,Evening
0001*  ,6.96,9.74,40.36,3.69,148.93,Evening
0034*  ,8.49,9.88,45.23,2.07,93.63,Evening
0034*  ,5.87,8.96,35.53,2.01,71.42,Evening
0002*  ,8.29,9.67,44.21,1.05,46.42,Evening
0022*  ,5.58,8.92,34.58,2.6,89.91,Evening
0038*  ,4.91,9.24,33.21,2.59,86.01,Evening
0011*  ,8.67,9.44,44.89,2.15,96.51,Evening
0043*  ,5.54,8.94,34.5,1.95,67.28,Evening
0007*  ,6.36,9.22,37.52,2.07,77.67,Evening
0007*  ,5.25,8.96,33.67,3.15,106.06,Evening
0012*  ,4.73,9.15,32.49,5.83,189.42,Evening
0039*  ,6.48,9.52,38.48,2.27,87.35,Evening
0033*  ,4.06,8.67,29.52,2.61,77.05,Evening
0008*  ,9.92,9.38,48.52,1.52,73.75,Evening
0006*  ,4.06,9.24,30.66,3.17,97.19,Evening
0012*  ,4.69,9.21,32.49,5.7,185.19,Evening
0022*  ,7.1,8.68,38.66,0.98,37.89,Evening
0022*  ,5.36,9.09,34.26,1.9,65.09,Evening
0036*  ,6.01,9.09,36.21,2.47,89.44,Evening
0038*  ,5,9.38,33.76,2.76,93.18,Evening
0001*  ,6.69,9.89,39.85,2.36,94.05,Evening
0011*  ,8.99,9.5,45.97,1.98,91.02,Evening
0007*  ,5.91,9.4,36.53,2.26,82.56,Evening
0007*  ,4.92,9.02,32.8,3.4,111.52,Evening
0008*  ,9.98,9.46,48.86,1.45,70.85,Evening
0039*  ,6.96,9.39,39.66,2.38,94.39,Evening
0033*  ,4.64,8.63,31.18,2,62.36,Evening
0034*  ,7.59,9.88,42.53,1.88,79.96,Evening
0034*  ,5.67,8.96,34.93,1.93,67.41,Evening
0006*  ,4.26,9.34,31.46,2.97,93.44,Evening
0007*  ,5.01,8.85,32.73,2.67,87.39,Evening
0007*  ,6.08,9.31,36.86,2.14,78.88,Evening
0022*  ,5.52,9.24,35.04,1.35,47.3,Evening
0036*  ,6.04,8.99,36.1,3.85,138.98,Evening
0038*  ,4.74,9.2,32.62,2.74,89.38,Evening
0033*  ,4.61,8.95,31.73,1.72,54.58,Evening
0012*  ,4.57,8.96,31.63,5.43,171.75,Evening
0039*  ,6.43,9.71,38.71,2.33,90.19,Evening
0011*  ,10,9.13,48.26,1.42,68.53,Evening
0008*  ,10,9.84,49.68,1.47,73.03,Evening
0043*  ,5.81,8.96,35.35,2.78,98.27,Evening
0006*  ,4.01,9.16,30.35,3.25,98.64,Evening
0034*  ,7.92,9.87,43.5,2.25,97.88,Evening
0039*  ,6.84,9.85,40.22,2.39,96.13,Evening
0011*  ,8.99,8.9,44.77,1.55,69.39,Evening
0006*  ,3.93,9.26,30.31,3.4,103.05,Evening
0034*  ,8.33,10,44.99,2.11,94.93,Evening
0036*  ,5.9,8.97,35.64,3.73,132.94,Evening
0038*  ,4.45,8.8,30.95,2.51,77.68,Evening
0039*  ,6.56,9.55,38.78,2.4,93.07,Evening
0012*  ,4.5,9.19,31.88,5.37,171.2,Evening
0022*  ,6.17,9.09,36.69,2.26,82.92,Evening
0022*  ,5.6,8.5,33.8,0.94,31.77,Evening
0011*  ,8.41,9.2,43.63,1.63,71.12,Evening
0010*  ,6.2,9.01,36.62,1.53,56.03,Evening
0001*  ,6.5,9.63,38.76,3.06,118.61,Evening
0033*  ,4.69,8.68,31.43,2.45,77,Evening
0043*  ,5.45,8.85,34.05,1.68,57.2,Evening
0007*  ,4.77,9.05,32.41,2.9,93.99,Evening
0007*  ,7.02,9.27,39.6,1.96,77.62,Evening
0006*  ,3.93,9.36,30.51,3.3,100.68,Evening
0034*  ,5.21,8.92,33.47,2.32,77.65,Evening
0034*  ,9.08,10,47.24,2.09,98.73,Evening
0007*  ,6.43,9.68,38.65,1.99,76.91,Evening
0007*  ,5.32,9.24,34.44,3.03,104.35,Evening
0001*  ,8.11,9.43,43.19,3.23,139.5,Evening
0022*  ,5.67,9.3,35.61,1.84,65.52,Evening
0012*  ,4.48,8.86,31.16,5.54,172.63,Evening
0038*  ,5.08,9.17,33.58,2.57,86.3,Evening
0036*  ,6.65,9.07,38.09,3.06,116.56,Evening
0014*  ,8.52,9.44,44.44,2.98,132.43,Evening
0039*  ,6.46,9.84,39.06,2.65,103.51,Evening
0011*  ,8.05,9.27,42.69,1.74,74.28,Evening
0043*  ,5.98,9.08,36.1,1.64,59.2,Evening
0033*  ,4.37,8.71,30.53,2.08,63.5,Evening
0008*  ,9.84,9.41,48.34,1.28,61.88,Evening
0006*  ,3.93,9.31,30.41,3.45,104.91,Evening
0022*  ,5.7,9.18,35.46,1.92,68.08,Evening
0007*  ,4.98,8.87,32.68,3,98.04,Evening
0007*  ,5.67,9.23,35.47,2.17,76.97,Evening
0001*  ,7.02,9.37,39.8,3.6,143.28,Evening
0034*  ,8.31,9.8,44.53,2.64,117.56,Evening
0034*  ,4.77,8.89,32.09,2.17,69.64,Evening
0036*  ,5.19,8.97,33.51,3.28,109.91,Evening
0014*  ,8.68,9.02,44.08,1.51,66.56,Evening
0038*  ,4.45,9.26,31.87,2.39,76.17,Evening
0011*  ,8.3,9.33,43.56,1.55,67.52,Evening
0012*  ,4.85,9.04,32.63,5.84,190.56,Evening
0039*  ,6.82,10,40.46,1.86,75.26,Evening
0008*  ,9.65,9.58,48.11,1.31,63.02,Evening
0033*  ,4.46,8.54,30.46,2.74,83.46,Evening
0006*  ,3.99,9.43,28.36,3.28,93.02,Evening
0012*  ,4.15,9.02,28.05,5.55,155.68,Evening
0012*  ,5.03,9.43,31.23,2.8,87.44,Evening
0022*  ,5.15,9.17,31.09,1.31,40.73,Evening
0034*  ,8.82,9.84,42.45,2.55,108.25,Evening
0034*  ,4.58,9.03,29.26,2.6,76.08,Evening
0014*  ,8.21,9.26,39.7,1.96,77.81,Evening
0001*  ,7.38,9.58,38,3.72,141.36,Evening
0039*  ,6.82,9.77,36.8,2.54,93.47,Evening
0038*  ,4.35,9.42,29.34,2.46,72.18,Evening
0011*  ,7.7,9.41,38.57,1.78,68.65,Evening
0007*  ,5.74,9.41,33.16,1.96,64.99,Evening
0007*  ,5.11,8.96,30.59,2.52,77.09,Evening
0033*  ,4.22,8.49,27.27,2.54,69.27,Evening
0008*  ,9.42,9.49,43.46,1.26,54.76,Evening
0043*  ,6.15,9.03,33.59,2.94,98.75,Evening
0006*  ,3.96,9.36,28.15,3.42,96.27,Evening
0017*  ,6.61,7.73,32.47,1.65,53.58,Evening
0036*  ,6.52,8.72,34.04,1.83,62.29,Evening
0001*  ,8.46,9.42,40.68,3.03,123.26,Evening
0038*  ,5.28,9.41,31.89,2.53,80.68,Evening
0022*  ,5.13,9.28,31.23,1.53,47.78,Evening
0012*  ,5.09,8.92,30.46,4.93,150.17,Evening
0012*  ,5.1,9.29,31.17,3.14,97.87,Evening
0002*  ,8.13,9.61,40.12,1.06,42.53,Evening
0008*  ,9.75,9.41,44.22,2.63,116.3,Evening
0011*  ,8.31,9.43,40.29,1.6,64.46,Evening
0043*  ,6.01,9.03,33.2,2.46,81.67,Evening
0033*  ,4.6,8.55,28.43,2.41,68.52,Evening
0039*  ,6.77,9.69,36.51,2.63,96.02,Evening
0007*  ,4.58,9.12,29.42,3.17,93.26,Evening
0007*  ,5.86,9.5,33.65,2.29,77.06,Evening
0017*  ,5.11,7.12,27.2,1.55,42.16,Evening
0006*  ,3.92,9.29,27.91,3.23,90.15,Evening
0036*  ,5.85,8.87,32.47,2.28,74.03,Evening
0012*  ,4.71,8.99,29.54,6.96,205.6,Evening
0022*  ,5.39,9.24,31.88,1.64,52.28,Evening
0038*  ,4.62,9.2,29.68,2.54,75.39,Evening
0014*  ,8.05,8.92,38.63,2.89,111.64,Evening
0008*  ,8.49,8.06,38.26,1.59,60.83,Evening
0043*  ,5.93,8.81,32.58,2.41,78.52,Evening
0039*  ,6.74,9.73,36.51,2.35,85.8,Evening
0011*  ,8.34,9.38,40.28,1.86,74.92,Evening
0007*  ,5.01,9.13,30.63,2.81,86.07,Evening
0010*  ,5.3,9.12,31.41,1.44,45.23,Evening
0006*  ,4.13,9.35,28.6,3.06,87.52,Evening
0011*  ,7.88,9.5,39.23,1.85,72.58,Evening
0006*  ,4.09,9.22,28.25,3.29,92.94,Evening
0038*  ,3.99,8.72,27.06,2.63,71.17,Evening
0001*  ,7.18,9.78,37.81,3.4,128.55,Evening
0012*  ,4.7,8.83,29.22,5.57,162.76,Evening
0012*  ,5.37,9.19,31.73,3.74,118.67,Evening
0039*  ,6.63,9.61,35.98,2.66,95.71,Evening
0011*  ,8.41,9.54,40.77,1.95,79.5,Evening
0014*  ,7.79,9.1,38.24,2.55,97.51,Evening
0043*  ,5.53,9.03,31.88,2.9,92.45,Evening
0033*  ,4.25,8.55,27.46,2.55,70.02,Evening
0010*  ,5.12,9.14,30.95,2.17,67.16,Evening
